Wyoming,8800,Air Force,1200,0,106000.00000001588
Davidson,5608,Loyola-Chicago,4392,0,12999.999999998117
San Diego St,9924,Fresno St,76,0,218999.99999996228
Wisconsin,8587,Illinois,1413,0,95000.0
UCLA,8699,Minnesota,1301,0,100000.0
Michigan St,6780,Purdue,3220,0,39000.000000007356
Pittsburgh,8376,Syracuse,1624,0,88000.00000001636
Boston College,4894,Virginia Tech,5106,0,-1000.0000000001588
Iowa St,9674,Colorado,326,0,167999.99999999042
BYU,6439,Kansas,3561,0,32000.000000005082
Arizona St,813,Houston,9187,0,-126000.00000002258
TCU,2073,Texas Tech,7927,0,-71999.99999998648
Akron,9954,N Illinois,46,0,235000.0
Bellarmine,1906,Austin Peay,8094,0,-78000.00000001471
Bowling Green,2266,Kent,7734,0,-66999.99999998765
Buffalo,4687,W Michigan,5313,0,-5000.0
E Kentucky,5310,Lipscomb,4690,0,6000.000000000717
E Michigan,3311,Miami OH,6689,0,-37000.00000000122
Florida,9487,Oklahoma,513,0,143999.99999997296
FGCU,5110,Jacksonville,4890,0,5000.0
LSU,6213,South Carolina,3787,0,27999.99999999523
Mississippi St,5173,Texas A&M,4827,0,6000.000000000717
North Alabama,9721,West Georgia,279,0,170000.0
Ohio,7680,C Michigan,2320,0,65000.0
Stetson,4776,North Florida,5224,0,-4000.0000000006353
Toledo,8107,Ball St,1893,0,78000.00000001471
TN Martin,6235,Tennessee St,3765,0,27999.99999999523
Queens NC,9452,Cent Arkansas,548,0,140000.0
Marquette,9862,Seton Hall,138,0,196000.0000000353
Xavier,7927,Butler,2073,0,70999.999999995
Connecticut,8354,Villanova,1646,0,90000.0
Army,5058,American Univ,4942,0,1000.0000000001588
Holy Cross,5651,Lafayette,4349,0,16000.000000002541
Colgate,7525,Navy,2475,0,60000.0
VCU,9616,Massachusetts,384,0,157000.00000000207
La Salle,6019,Richmond,3981,0,25000.0
G Washington,5818,St Joseph's PA,4182,0,17000.00000000315
Duquesne,8233,Fordham,1767,0,83000.00000001559
Drake,9273,IL Chicago,727,0,131999.9999999804
Murray St,6129,S Illinois,3871,0,24000.000000002867
Valparaiso,6237,Missouri St,3763,0,29000.000000004882
Indiana St,7686,Evansville,2314,0,68000.0000000126
Illinois St,3838,Bradley,6162,0,-25999.999999996235
Washington,6398,Rutgers,3602,0,29000.000000004882
Penn St,3289,Nebraska,6711,0,-39000.000000007356
Iowa,5896,Oregon,4104,0,20000.0
Missouri,4574,Alabama,5426,0,-10000.0
Notre Dame,3641,SMU,6359,0,-30999.999999994496
North Carolina,8970,NC State,1030,0,113999.99999998116
Belmont,5201,Northern Iowa,4799,0,5000.0
Florida St,8740,Miami FL,1260,0,103000.0000000182
West Virginia,5923,Cincinnati,4077,0,22999.999999995773
Oklahoma St,6938,UCF,3062,0,44000.00000000818
Rice,4049,UAB,5951,0,-20999.999999998803
UT San Antonio,6237,South Florida,3763,0,27999.99999999523
Tulane,7133,East Carolina,2867,0,50999.99999999095
North Texas,9604,Tulsa,396,0,157999.9999999972
Charlotte,3900,Temple,6100,0,-25000.0
Radford,5045,UNC Asheville,4955,0,2000.0000000003176
Presbyterian,4185,Winthrop,5815,0,-17999.99999999662
Longwood,7040,Gardner Webb,2960,0,48000.00000000573
High Point,9766,Charleston So,234,0,178999.99999996688
Kentucky,7735,Vanderbilt,2265,0,68000.0000000126
Auburn,9728,Arkansas,272,0,168999.99999996836
Boise St,3909,New Mexico,6091,0,-27000.00000000468
Chattanooga,9764,W Carolina,236,0,177000.000000015
Citadel,3787,Mercer,6213,0,-27000.00000000468
Denver,5668,Oral Roberts,4332,0,16000.000000002541
ETSU,4780,UNC Greensboro,5220,0,-3000.0000000003583
Samford,8212,Furman,1788,0,83000.00000001559
S Dakota St,7802,N Dakota St,2198,0,68000.0000000126
South Dakota,3657,St Thomas MN,6343,0,-30999.999999994496
St Mary's CA,9923,Portland,77,0,212000.00000003175
Missouri KC,3783,NE Omaha,6217,0,-25999.999999996235
VMI,5105,Wofford,4895,0,3000.0000000003583
Washington St,3075,Gonzaga,6925,0,-44000.00000000818
Arkansas St,8305,South Alabama,1695,0,86000.00000000602
Texas St,8618,ULM,1382,0,96000.00000001147
Boston Univ,7298,Loyola MD,2702,0,56999.99999999058
Utah St,9673,San Jose St,327,0,166000.00000003117
Georgetown,5631,Providence,4369,0,12999.999999998117
DePaul,592,St John's,9408,0,-140000.0
Detroit,6599,IUPUI,3401,0,37999.99999999958
SUNY Albany,4471,Maine,5529,0,-13999.999999997615
MA Lowell,7192,UMBC,2808,0,53000.00000000794
Binghamton,8449,New Hampshire,1551,0,91999.99999998309
Vermont,4315,Bryant,5685,0,-16000.000000002541
Ohio St,8683,Northwestern,1317,0,98000.00000001765
Maryland,8840,USC,1160,0,106000.00000001588
Chicago St,972,Central Conn,9028,0,-120000.0
FL Atlantic,7917,Wichita St,2083,0,74000.00000000244
Santa Clara,9126,Loy Marymount,874,0,120000.0
Radford,5142,UNC Asheville,4858,0,1863.0999999999988
Abilene Chr,9053,Southern Utah,947,0,116000.00000001953
Bellarmine,655,E Kentucky,9345,0,-135380.09999999983
Jacksonville St,8431,New Mexico St,1569,0,91999.99999998309
Kennesaw,7107,UTEP,2893,0,50000.0
MTSU,7609,Louisiana Tech,2391,0,64000.000000010165
Morehead St,2828,SIUE,7172,0,-51999.99999999247
Pepperdine,3064,Oregon St,6936,0,-45000.0
San Francisco,9845,Pacific,155,0,202000.00000002756
SE Missouri St,9750,W Illinois,250,0,173999.99999996758
Southern Indiana,6081,E Illinois,3919,0,24000.000000002867
Stetson,2899,FGCU,7101,0,-52134.10000000014
Tennessee Tech,6340,TN Martin,3660,0,30713.000000000015
Ark Little Rock,9270,Lindenwood,730,0,128000.00000002033
UC Riverside,9500,Long Beach St,500,0,146000.00000002747
Utah Tech,1677,Utah Valley,8323,0,-86000.00000000602
WKU,7341,Sam Houston St,2659,0,58000.000000009764
Queens NC,7499,Austin Peay,2501,0,60241.19999999948
Lipscomb,6956,North Alabama,3044,0,46911.89999999992
North Florida,3165,Jacksonville,6835,0,-42698.30000000003
UC Davis,8392,CS Bakersfield,1608,0,88000.00000001636
UC Santa Barbara,9569,CS Fullerton,431,0,153999.99999997095
Weber St,8196,CS Sacramento,1804,0,81000.00000000281
West Georgia,7655,Cent Arkansas,2345,0,61146.19999999135
Southern Miss,8474,Coastal Car,1526,0,93000.00000001704
N Colorado,8649,E Washington,1351,0,96999.99999998246
Mercyhurst,6096,F Dickinson,3904,0,25999.999999996235
Appalachian St,8822,Ga Southern,1178,0,106000.00000001588
James Madison,8510,Georgia St,1490,0,91000.00000000889
Northern Arizona,7240,Idaho,2760,0,50999.99999999095
Idaho St,4572,Portland St,5428,0,-8999.99999999831
Le Moyne,5066,St Francis PA,4934,0,1000.0000000001588
Wagner,4418,Stonehill,5582,0,-15000.0
UC Irvine,7869,CS Northridge,2131,0,71999.99999998648
Cal Poly,1041,UC San Diego,8959,0,-110000.0
Old Dominion,4286,Marshall,5714,0,-17999.99999999662
Troy,9541,Louisiana,459,0,151999.9999999983
Northeastern,4727,Col Charleston,5273,0,-6000.000000000717
William & Mary,4346,UNC Wilmington,5654,0,-16000.000000002541
NC A&T,1092,Campbell,8908,0,-111999.99999998092
Elon,4791,Towson,5209,0,-4000.0000000006353
Delaware,5587,Drexel,4413,0,12999.999999998117
Hofstra,6122,Monmouth NJ,3878,0,24000.000000002867
Hampton,8925,Stony Brook,1075,0,111000.00000001778
Brown,8877,Columbia,1123,0,110000.0
Loyola-Chicago,5252,Dayton,4748,0,5163.999999999994
Michigan,6122,Michigan St,3878,0,25683.500000000062
Marist,9758,Canisius,242,0,177000.000000015
Merrimack,8524,Sacred Heart,1476,0,93000.00000001704
Mt St Mary's,7867,St Peter's,2133,0,71999.99999998648
Rider,8236,Fairfield,1764,0,81000.00000000281
Siena,8613,Niagara,1387,0,96999.99999998246
Miami OH,6433,Kent,3567,0,33420.59999999989
Toledo,8862,Bowling Green,1138,0,109309.80000000013
Princeton,8201,Harvard,1799,0,81999.99999998459
Iona,6000,Manhattan,4000,0,22000.00000000409
Penn,3661,Dartmouth,6339,0,-30999.999999994496
Yale,9081,Cornell,919,0,121000.00000002111
Villanova,4337,Marquette,5663,0,-15483.099999999495
Detroit,1924,Cleveland St,8076,0,-76549.80000000013
PFW,7533,Oakland,2467,0,60000.0
Wright St,6284,N Kentucky,3716,0,30000.0
Youngstown St,6663,WI Milwaukee,3337,0,39000.000000007356
Robert Morris,9809,WI Green Bay,191,0,185000.0
SUNY Albany,8379,New Hampshire,1621,0,89370.80000000024
Brown,6525,Cornell,3475,0,34907.19999999932
Alabama St,5472,Florida A&M,4528,0,11000.000000002045
Lafayette,6183,Lehigh,3817,0,28777.099999999955
Binghamton,4544,Maine,5456,0,-9517.899999999992
UMBC,8559,NJIT,1441,0,95941.9999999995
Vermont,7452,MA Lowell,2548,0,60424.899999999936
Morgan St,7059,Howard,2941,0,48000.00000000573
Nevada,5883,Boise St,4117,0,18988.29999999991
Prairie View,7938,Ark Pine Bluff,2062,0,74000.00000000244
Wyoming,6561,San Jose St,3439,0,34810.19999999907
NC State,1870,Wake Forest,8130,0,-78771.00000000047
G Washington,7977,Massachusetts,2023,0,74301.50000000004
VCU,7249,George Mason,2751,0,53410.600000008606
Fordham,4462,Davidson,5538,0,-11500.900000000025
S Illinois,8557,Valparaiso,1443,0,94085.9000000001
Bradley,8873,Murray St,1127,0,108288.10000000024
Belmont,7593,Indiana St,2407,0,63807.90000000023
Missouri St,4785,Illinois St,5215,0,-5211.099999999977
IL Chicago,8575,Evansville,1425,0,94732.40000000069
Air Force,5733,Fresno St,4267,0,16357.799999999881
Wisconsin,9311,Oregon,689,0,132471.29999999973
Minnesota,7283,Penn St,2717,0,54881.69999999987
Iowa,7614,Washington,2386,0,62725.700000000295
Louisville,9481,Florida St,519,0,144542.2999999959
St Joseph's PA,9228,Richmond,772,0,128240.40000000008
Boston College,3367,Georgia Tech,6633,0,-36926.900000000045
Notre Dame,4806,Pittsburgh,5194,0,-4086.200000000008
St Louis,6990,Rhode Island,3010,0,45000.0
North Carolina,8267,Virginia,1733,0,84288.00000000124
SMU,3970,Clemson,6030,0,-22755.40000000002
St Bonaventure,7293,Duquesne,2707,0,56744.90000000231
Delaware St,5618,S Carolina St,4382,0,12999.999999998117
Miami FL,5225,Virginia Tech,4775,0,4608.299999999997
Dartmouth,6539,Princeton,3461,0,33291.59999999991
Stanford,7543,California,2457,0,60999.99999999005
Texas Tech,9351,West Virginia,649,0,138633.20000000022
Colorado,2532,Baylor,7468,0,-59679.80000000037
Cincinnati,7555,TCU,2445,0,63043.09999999999
Kansas,8973,Oklahoma St,1027,0,114333.80000000047
Houston,8433,Iowa St,1567,0,89530.59999999902
Arizona,8477,BYU,1523,0,92191.00000000001
Rice,7622,Tulsa,2378,0,62678.70000000003
Radford,8620,Presbyterian,1380,0,101024.20000000023
UNC Asheville,8865,Longwood,1135,0,108218.10000000015
Gardner Webb,1741,High Point,8259,0,-86023.40000000014
Charleston So,8855,SC Upstate,1145,0,108207.70000001774
UNLV,5203,Colorado St,4797,0,3000.0000000003583
Abilene Chr,9027,Utah Tech,973,0,116087.09999999958
Alabama,8844,Kentucky,1156,0,108354.90000000017
Arkansas,4108,Missouri,5892,0,-18472.399999999972
Auburn,9746,Georgia,254,0,174693.69999999765
Ball St,8501,Buffalo,1499,0,96107.40000000002
Chattanooga,9946,Citadel,54,0,236289.29999999993
Furman,7415,VMI,2585,0,60938.10000000006
Gonzaga,5338,St Mary's CA,4662,0,8376.100000000017
Grand Canyon,8342,Cal Baptist,1658,0,86999.99999998379
Duke,7683,Illinois,2317,0,66287.20000000382
Jacksonville St,8007,UTEP,1993,0,76517.29999999984
Kennesaw,7833,New Mexico St,2167,0,68923.39999999988
Liberty,9832,Florida Intl,168,0,191000.0000000347
Loy Marymount,8094,Pepperdine,1906,0,77923.8000000001
LSU,972,Florida,9028,0,-117795.49999999988
Mercer,2288,UNC Greensboro,7712,0,-66220.09999999993
MTSU,8610,Sam Houston St,1390,0,96686.49999999987
Morehead St,7468,E Illinois,2532,0,58945.20000000025
NE Omaha,7959,South Dakota,2041,0,74760.59999999999
North Dakota,2781,N Dakota St,7219,0,-52842.00000000131
N Illinois,3629,E Michigan,6371,0,-32362.9999999999
Ohio,2919,Akron,7081,0,-49268.80000000029
Oklahoma,5068,Mississippi St,4932,0,23.5999999999999
Oral Roberts,1510,St Thomas MN,8490,0,-93713.60000000025
Pacific,4314,Portland,5686,0,-14931.499999999975
Samford,9567,W Carolina,433,0,153018.10000000388
San Diego,1238,Oregon St,8762,0,-103912.2999999997
South Carolina,4465,Texas,5535,0,-11159.100000000035
SE Missouri St,9477,Lindenwood,523,0,145499.10000000717
Southern Indiana,1675,SIUE,8325,0,-88532.80000000006
Tennessee Tech,5998,Tennessee St,4002,0,23015.999999999964
Texas A&M,6165,Tennessee,3835,0,25753.000000000106
Ark Little Rock,9653,W Illinois,347,0,160433.20000001206
UT Arlington,7546,Tarleton St,2454,0,60999.99999999005
Utah Valley,8842,Seattle,1158,0,104328.30000000077
Vanderbilt,5178,Mississippi,4822,0,5638.599999999945
Washington St,4957,Santa Clara,5043,0,-310.30000000000297
WKU,6315,Louisiana Tech,3685,0,29956.999999999938
W Michigan,5604,C Michigan,4396,0,13531.099999999957
Wofford,6937,ETSU,3063,0,45170.30000000009
Long Beach St,2864,UC Santa Barbara,7136,0,-49910.59999999459
CS Bakersfield,1473,UC Irvine,8527,0,-92837.20000000016
Idaho St,9192,CS Sacramento,808,0,128991.79999999984
Jackson St,7214,Alcorn St,2786,0,55000.0
Troy,9881,Coastal Car,119,0,198644.80000001003
Coppin St,973,Norfolk St,9027,0,-115000.0
Northern Arizona,6586,E Washington,3414,0,37291.599999999875
St Francis PA,5930,F Dickinson,4070,0,20900.89999999996
Appalachian St,8316,Marshall,1684,0,87845.10000000024
James Madison,8619,Ga Southern,1381,0,97525.49999999945
Old Dominion,4947,Georgia St,5053,0,-1778.2999999999988
Penn,5464,Harvard,4536,0,9482.700000000052
UC San Diego,9827,Hawaii,173,0,189572.10000000554
Arkansas St,9877,ULM,123,0,200489.99999999913
N Colorado,8999,Idaho,1001,0,115800.9999999995
Incarnate Word,4819,SF Austin,5181,0,-6999.999999998808
Houston Chr,2900,Lamar,7100,0,-50999.99999999095
Le Moyne,4450,LIU Brooklyn,5550,0,-12805.499999999958
MD E Shore,3649,NC Central,6351,0,-27999.99999999523
McNeese St,9213,TAM C. Christi,787,0,123999.99999997798
TX Southern,9838,MS Valley St,162,0,193999.99999996493
Montana St,4852,Montana,5148,0,-3000.0000000003583
New Orleans,2885,Northwestern LA,7115,0,-50000.0
Nicholls St,8465,UTRGV,1535,0,91999.99999998309
Weber St,2692,Portland St,7308,0,-55903.00000000015
Alabama A&M,4571,Bethune-Cookman,5429,0,-12000.000000001433
SE Louisiana,9675,East Texas A&M,325,0,163999.99999996918
Grambling,2959,Southern Univ,7041,0,-48000.00000000573
Central Conn,9285,Stonehill,715,0,131410.4999999992
Texas St,4293,South Alabama,5707,0,-13921.799999999854
American Univ,8578,Boston Univ,1422,0,97035.10000000006
UC Davis,4861,CS Northridge,5139,0,-2714.6999999999925
Utah St,6690,San Diego St,3310,0,36924.600000000326
Chicago St,6060,Wagner,3940,0,23682.9999999999
Yale,9865,Columbia,135,0,199623.50000000506
DePaul,3875,Butler,6125,0,-26683.800000000076
Southern Miss,7158,Louisiana,2842,0,49900.09999999989
Cal Poly,3946,UC Riverside,6054,0,-24651.899999999827
Drexel,4000,Col Charleston,6000,0,-21353.800000000105
Hampton,3515,UNC Wilmington,6485,0,-35467.099999999984
Elon,6953,William & Mary,3047,0,46794.29999999974
Campbell,5826,Towson,4174,0,17335.600000000013
Delaware,6217,Hofstra,3783,0,27276.700000000026
NC A&T,5484,Stony Brook,4516,0,10554.49999999984
Northern Iowa,3912,Drake,6088,0,-25429.400000000132
Bucknell,7861,Army,2139,0,71741.59999999989
UCLA,6938,Ohio St,3062,0,45233.99999999971
Rutgers,5193,USC,4807,0,4477.899999999996
Indiana,2706,Purdue,7294,0,-53902.70000000008
UCF,5228,Utah,4772,0,4011.9000000000055
Kansas St,8555,Arizona St,1445,0,93811.2000000018
Memphis,8446,FL Atlantic,1554,0,89297.80000000045
Wichita St,6485,Tulane,3515,0,33397.60000000001
East Carolina,7731,UT San Antonio,2269,0,69429.70000000019
South Florida,2693,North Texas,7307,0,-56425.30000000008
UAB,7849,Temple,2151,0,71792.00000000007
Loyola MD,4301,Colgate,5699,0,-14832.999999999995
Navy,8039,Holy Cross,1961,0,73399.40000000039
S Dakota St,9446,Missouri KC,554,0,143734.40000000023
Iona,4995,Merrimack,5005,0,-33.39999999999994
Manhattan,4703,Quinnipiac,5297,0,-7552.800000000004
Marist,9208,Niagara,792,0,127473.09999999825
Mt St Mary's,7558,Rider,2442,0,63122.60000000018
Siena,9541,Canisius,459,0,150294.50000000163
St Peter's,6101,Sacred Heart,3899,0,27723.799999999857
Creighton,9350,Georgetown,650,0,137267.99999999997
Seton Hall,1901,Xavier,8099,0,-80404.39999999982
St John's,7986,Connecticut,2014,0,74608.0000000007
Oakland,5512,Cleveland St,4488,0,12136.400000000001
N Kentucky,8652,IUPUI,1348,0,97839.80000000025
Robert Morris,6143,WI Milwaukee,3857,0,24664.800000000087
Youngstown St,9885,WI Green Bay,115,0,201872.19999999984
Alabama A&M,3792,Florida A&M,6208,0,-26968.800000000007
Norfolk St,8958,Morgan St,1042,0,112691.50000000017
TX Southern,9747,Ark Pine Bluff,253,0,173438.4000000019
Nebraska,5248,Michigan,4752,0,5775.500000000009
Florida St,4352,North Carolina,5648,0,-13368.100000000091
Delaware St,8323,NC Central,1677,0,88192.4
Colorado,2383,Kansas,7617,0,-64331.29999999982
Texas Tech,5390,Houston,4610,0,7876.899999999969
Monmouth NJ,5947,Northeastern,4053,0,21692.899999999958
Austin Peay,2937,Lipscomb,7063,0,-49537.09999999985
Cent Arkansas,899,North Alabama,9101,0,-120578.40000000021
FGCU,8256,North Florida,1744,0,86936.59999999953
Jacksonville,6596,E Kentucky,3404,0,37640.90000000009
West Georgia,3032,Queens NC,6968,0,-43509.399999999885
Coppin St,3619,Howard,6381,0,-31356.60000000012
Incarnate Word,3312,Lamar,6688,0,-40809.60000000009
MD E Shore,1223,S Carolina St,8777,0,-105011.90000000046
McNeese St,9706,UTRGV,294,0,169707.49999999785
Prairie View,8584,MS Valley St,1416,0,97467.29999999955
New Orleans,5839,East Texas A&M,4161,0,18345.000000000036
Nicholls St,7225,TAM C. Christi,2775,0,50769.600000001614
Alabama St,6168,Bethune-Cookman,3832,0,26565.99999999998
SE Louisiana,8554,Northwestern LA,1446,0,94722.60000000002
Stetson,8342,Bellarmine,1658,0,89166.2000000002
Houston Chr,4123,SF Austin,5877,0,-18594.499999999905
Nevada,9099,Wyoming,901,0,121614.70000000023
Richmond,914,VCU,9086,0,-120276.90000000005
Davidson,6152,St Louis,3848,0,28835.60000000008
Murray St,6426,Indiana St,3574,0,32001.80000000003
S Illinois,6922,Illinois St,3078,0,45384.700000000004
San Jose St,3745,UNLV,6255,0,-28300.000000000004
San Diego St,5055,New Mexico,4945,0,740.500000000001
Air Force,705,Colorado St,9295,0,-135001.00000000023
Wisconsin,9758,Washington,242,0,176547.40000000098
Minnesota,6899,Northwestern,3101,0,44078.89999999998
Illinois,8259,Iowa,1741,0,86958.10000000017
Pittsburgh,7396,Georgia Tech,2604,0,59141.200000000004
Miami FL,276,Duke,9724,0,-173756.5999999996
Virginia Tech,1228,Louisville,8772,0,-105046.10000000017
Cincinnati,5353,Baylor,4647,0,7225.699999999996
West Virginia,7112,TCU,2888,0,49446.69999999982
Oklahoma St,2099,Iowa St,7901,0,-71625.99999999983
Lafayette,5354,Army,4646,0,7301.299999999954
Santa Clara,4643,Gonzaga,5357,0,-8686.699999999968
Alabama,8760,Mississippi St,1240,0,105676.79999999973
Ball St,1673,Akron,8327,0,-88091.20000000016
C Michigan,8810,Buffalo,1190,0,105914.49999999984
E Michigan,7662,Bowling Green,2338,0,65541.70000000007
Georgia,1992,Florida,8008,0,-76776.80000000115
Kent,7817,Toledo,2183,0,71122.00000000015
LSU,1562,Tennessee,8438,0,-91029.99999999997
Miami OH,9807,N Illinois,193,0,185924.80000000045
Missouri,9248,South Carolina,752,0,133909.89999999997
W Illinois,5369,Lindenwood,4631,0,7508.900000000043
W Michigan,4350,Ohio,5650,0,-14575.300000000047
Ga Southern,3429,Appalachian St,6571,0,-35558.00000000002
ULM,1633,James Madison,8367,0,-88129.99999999974
Texas St,3239,Troy,6761,0,-42756.20000000001
Marquette,9026,Providence,974,0,118323.90000000029
Marshall,8439,Old Dominion,1561,0,92452.80000000008
Colgate,8598,Holy Cross,1402,0,100062.10000000014
American Univ,8439,Navy,1561,0,90846.49999999988
Loyola-Chicago,6879,G Washington,3121,0,43016.49999999982
George Mason,9670,Fordham,330,0,171545.40000000023
La Salle,3820,Duquesne,6180,0,-26285.2
Rhode Island,4120,Dayton,5880,0,-18736.900000000027
Northern Iowa,7746,IL Chicago,2254,0,69339.60000000015
Evansville,995,Drake,9005,0,-118020.40000000046
Valparaiso,1927,Bradley,8073,0,-79811.90000000004
Missouri St,3627,Belmont,6373,0,-32576.199999999946
USC,5014,Ohio St,4986,0,2965.1999999999944
Maryland,6176,Michigan St,3824,0,26751.399999999976
Indiana,7573,Penn St,2427,0,63150.099999999984
Syracuse,6694,NC State,3306,0,40130.00000000008
Clemson,9664,Notre Dame,336,0,168471.10000000015
St Joseph's PA,7351,St Bonaventure,2649,0,56015.799999999836
Wake Forest,9120,Virginia,880,0,124355.69999999981
Stanford,8979,Boston College,1021,0,113391.80000000066
California,3326,SMU,6674,0,-38146.19999999983
UCF,3954,Kansas St,6046,0,-23249.49999999996
Arizona,9486,Utah,514,0,142107.6000000002
Arizona St,3277,BYU,6723,0,-41062.69999999998
Memphis,9693,Rice,307,0,166233.50000000015
Temple,7488,South Florida,2512,0,59326.80000000014
Tulane,9051,Charlotte,949,0,117298.30000000034
UNC Asheville,9316,Presbyterian,684,0,138572.7999999998
Longwood,5361,Winthrop,4639,0,7386.199999999997
High Point,9975,SC Upstate,25,0,253346.3999999982
Gardner Webb,4522,Radford,5478,0,-12515.900000000047
Oklahoma,5331,Kentucky,4669,0,5095.100000000019
Texas A&M,8772,Vanderbilt,1228,0,105513.59999999999
Auburn,9389,Mississippi,611,0,138606.19999999998
Arkansas,6189,Texas,3811,0,27303.799999999967
Boise St,5269,Utah St,4731,0,6783.700000000005
ETSU,8684,Mercer,1316,0,100915.09999999966
FGCU,9759,Bellarmine,241,0,183111.1000000006
Furman,9640,Citadel,360,0,164232.30000000025
Jacksonville,9629,Stetson,371,0,161927.0999999999
N Dakota St,8204,South Dakota,1796,0,85331.30000000002
West Georgia,4150,Austin Peay,5850,0,-18782.399999999885
W Carolina,3132,Wofford,6868,0,-42298.79999999983
North Alabama,8317,Queens NC,1683,0,88865.20000000027
North Florida,3069,E Kentucky,6931,0,-44925.19999999997
Lipscomb,9882,Cent Arkansas,118,0,209750.50000000108
Coastal Car,2784,Georgia St,7216,0,-51291.299999999865
Louisiana,1298,Arkansas St,8702,0,-102042.70000000027
Loyola MD,3251,Bucknell,6749,0,-42489.100000000115
Lehigh,6593,Boston Univ,3407,0,37763.60000000007
Creighton,9760,DePaul,240,0,176423.30000000086
Seton Hall,2209,Villanova,7791,0,-70372.30000000044
Butler,1897,St John's,8103,0,-79289.19999999994
Connecticut,9435,Georgetown,565,0,142989.60000000062
Southern Miss,3273,South Alabama,6727,0,-37305.49999999993
UMBC,6539,SUNY Albany,3461,0,37640.40000000005
New Hampshire,2319,Maine,7681,0,-67960.80000000016
MA Lowell,3277,Bryant,6723,0,-40792.00000000006
NJIT,2354,Vermont,7646,0,-63636.5000000001
Michigan,9400,Rutgers,600,0,140927.89999999982
Wichita St,5753,UAB,4247,0,15835.700000000013
FL Atlantic,5669,North Texas,4331,0,14657.999999999967
E Illinois,1903,Ark Little Rock,8097,0,-79634.60000000002
Florida Intl,2691,Kennesaw,7309,0,-54287.40000000016
Grand Canyon,8977,UT Arlington,1023,0,113352.19999999962
Liberty,8011,Jacksonville St,1989,0,75903.19999999928
Loy Marymount,885,St Mary's CA,9115,0,-121039.09999999945
UNC Greensboro,5511,Chattanooga,4489,0,9443.700000000003
New Mexico St,4401,MTSU,5599,0,-13168.300000000034
Oral Roberts,1261,S Dakota St,8739,0,-105058.49999999985
Oregon St,4339,San Francisco,5661,0,-14537.99999999997
Portland,7564,Pepperdine,2436,0,64549.40000000011
Santa Clara,4561,Gonzaga,5439,0,-9057.50000000006
Seattle,5276,Cal Baptist,4724,0,5032.199999999999
SIUE,5963,SE Missouri St,4037,0,21537.300000000094
St Thomas MN,9602,North Dakota,398,0,155176.99999999985
Tarleton St,4920,Abilene Chr,5080,0,-1220.299999999994
Tennessee St,8368,Morehead St,1632,0,90089.00000000006
Tennessee Tech,8841,W Illinois,1159,0,107265.89999999995
Missouri KC,8405,Denver,1595,0,91315.09999999979
TN Martin,9034,Southern Indiana,966,0,118032.89999999994
Utah Tech,6639,Southern Utah,3361,0,38114.70000000049
UTEP,6700,WKU,3300,0,41125.199999999975
VMI,3456,Samford,6544,0,-35712.899999999885
Washington St,9752,San Diego,248,0,183122.3999999991
Long Beach St,5149,CS Bakersfield,4851,0,2864.100000000013
CS Fullerton,389,UC Irvine,9611,0,-160113.80000000005
CS Sacramento,934,Montana,9066,0,-118648.79999999974
E Washington,8285,Weber St,1715,0,85460.69999999976
F Dickinson,6576,Stonehill,3424,0,36756.30000000016
Idaho,5865,Idaho St,4135,0,20927.7
Central Conn,9806,Le Moyne,194,0,186515.40000000046
Mercyhurst,8439,Chicago St,1561,0,91646.59999999983
Portland St,7586,Montana St,2414,0,63365.49999999989
UC Santa Barbara,8119,Cal Poly,1881,0,78587.6000000001
CS Northridge,3480,UC San Diego,6520,0,-34176.3
LIU Brooklyn,8260,Wagner,1740,0,87481.70000000004
IUPUI,1562,Robert Morris,8438,0,-89800.69999999976
WI Milwaukee,8183,Oakland,1817,0,82740.40000000042
Wright St,3893,Cleveland St,6107,0,-25847.200000000033
WI Green Bay,5728,Detroit,4272,0,14337.399999999994
PFW,8446,N Kentucky,1554,0,92902.19999999992
Campbell,5577,UNC Wilmington,4423,0,14412.300000000072
Monmouth NJ,5403,Elon,4597,0,9115.400000000007
Northeastern,9525,NC A&T,475,0,155561.70000000013
Drexel,6676,Hampton,3324,0,39311.700000000026
Towson,8380,William & Mary,1620,0,89190.50000000013
Col Charleston,9035,Delaware,965,0,119912.80000000044
Stony Brook,3850,Hofstra,6150,0,-26232.599999999937
Columbia,3211,Princeton,6789,0,-41098.00000000007
VCU,9405,Davidson,595,0,140942.6999999999
Purdue,7908,UCLA,2092,0,72928.79999999994
Northwestern,5995,Iowa,4005,0,23357.800000000003
UNLV,5845,Nevada,4155,0,19828.600000000042
Hawaii,3879,UC Riverside,6121,0,-26325.900000000063
Canisius,1976,Manhattan,8024,0,-74858.79999999994
Coastal Car,4509,Old Dominion,5491,0,-12104.800000000016
Fairfield,3526,Mt St Mary's,6474,0,-35310.89999999996
Marshall,4366,Appalachian St,5634,0,-14968.999999999967
Ga Southern,6263,Georgia St,3737,0,30189.999999999825
Harvard,4721,Brown,5279,0,-5505.000000000004
ULM,809,Arkansas St,9191,0,-129879.49999999964
Texas St,3758,James Madison,6242,0,-29635.40000000003
Sacred Heart,3743,Marist,6257,0,-27021.799999999977
Merrimack,8533,Rider,1467,0,95232.59999999964
Niagara,4590,Iona,5410,0,-10284.899999999945
Cornell,8851,Penn,1149,0,108836.39999999989
Quinnipiac,9174,St Peter's,826,0,126204.10000000028
Dartmouth,2922,Yale,7078,0,-49364.2000000001
Southern Miss,2317,Troy,7683,0,-67361.89999999986
South Alabama,9222,Louisiana,778,0,129764.49999999999
NJIT,4004,SUNY Albany,5996,0,-23896.400000000125
Colgate,5341,American Univ,4659,0,8125.600000000012
Florida A&M,8149,Grambling,1851,0,80287.5999999997
Holy Cross,2713,Bucknell,7287,0,-53711.69999999969
Army,7393,Lehigh,2607,0,59027.899999999856
Maine,4898,Bryant,5102,0,-4750.299999999997
UMBC,4786,Vermont,5214,0,-3841.599999999997
MA Lowell,7079,Binghamton,2921,0,48568.8999999999
Alabama St,8083,Alabama A&M,1917,0,77513.80000000009
Wyoming,1548,San Diego St,8452,0,-94570.49999999936
Virginia,1934,Clemson,8066,0,-76297.29999999994
Louisville,9175,Pittsburgh,825,0,122408.7999999998
North Carolina,9579,Miami FL,421,0,156514.10000000062
Massachusetts,5770,Rhode Island,4230,0,17634.1
St Louis,5964,Loyola-Chicago,4036,0,21450.49999999994
G Washington,9028,La Salle,972,0,121637.29999999977
Duquesne,2893,George Mason,7107,0,-49388.89999999992
Dayton,9482,Richmond,518,0,150923.10000000044
New Mexico,9991,Air Force,9,0,278219.0000000006
Washington,5392,Indiana,4608,0,9724.899999999978
Penn St,2014,Maryland,7986,0,-75047.1000000001
Oregon,6669,USC,3331,0,39057.199999999895
Nebraska,8583,Minnesota,1417,0,96562.40000000049
Virginia Tech,6271,Syracuse,3729,0,29684.60000000006
Fordham,2858,St Joseph's PA,7142,0,-50812.799999999836
Georgia Tech,7788,NC State,2212,0,71454.30000000015
Dartmouth,6583,Brown,3417,0,36727.5000000001
Stanford,4423,SMU,5577,0,-11963.200000000013
Wake Forest,9464,Notre Dame,536,0,144784.19999999943
Duke,9773,Florida St,227,0,184291.69999999824
California,8316,Boston College,1684,0,87578.59999999969
Baylor,8949,Oklahoma St,1051,0,115980.30000000025
BYU,8024,West Virginia,1976,0,79211.70000000004
Houston,9528,Cincinnati,472,0,153754.90000000023
TCU,7654,UCF,2346,0,63987.69999999978
Kansas,4300,Texas Tech,5700,0,-16287.900000000009
Utah,7680,Arizona St,2320,0,68529.40000000018
Iowa St,5762,Arizona,4238,0,17452.899999999947
Tulsa,3596,Tulane,6404,0,-31258.599999999988
Winthrop,4768,UNC Asheville,5232,0,-6456.000000000013
SC Upstate,2307,Longwood,7693,0,-64557.29999999995
Presbyterian,5856,Gardner Webb,4144,0,21232.2
Radford,8745,Charleston So,1255,0,103926.20000000006
Fresno St,1003,Boise St,8997,0,-115311.19999999984
S Carolina St,5311,Norfolk St,4689,0,8985.500000000084
NC Central,5868,Howard,4132,0,19283.70000000002
Akron,8268,Kent,1732,0,87348.80000000019
Bowling Green,5332,Ball St,4668,0,6823.799999999974
Buffalo,2334,Toledo,7666,0,-66011.9000000002
Citadel,1526,ETSU,8474,0,-92167.00000000012
Denver,833,S Dakota St,9167,0,-127120.09999999974
E Illinois,1468,SE Missouri St,8532,0,-95980.8000000002
E Michigan,6174,C Michigan,3826,0,26545.799999999992
Florida,7965,Texas A&M,2035,0,78726.99999999987
Florida Intl,1927,Jacksonville St,8073,0,-79118.49999999981
Kentucky,2325,Auburn,7675,0,-65299.400000000016
Mercer,6870,W Carolina,3130,0,44444.10000000007
Mississippi St,9133,LSU,867,0,124371.60000000038
UNC Greensboro,6420,Samford,3580,0,33647.90000000011
NE Omaha,9404,Oral Roberts,596,0,140725.2000000002
New Mexico St,6120,WKU,3880,0,24293.09999999996
N Illinois,4114,W Michigan,5886,0,-21656.800000000043
Ohio,5006,Miami OH,4994,0,42.60000000000046
Mississippi,7736,Oklahoma,2264,0,69226.19999999985
Pacific,1068,Santa Clara,8932,0,-114646.49999999952
Pepperdine,2885,Washington St,7115,0,-52303.50000000003
Sam Houston St,5236,Louisiana Tech,4764,0,6878.099999999971
San Diego,2952,Portland,7048,0,-48401.499999999854
San Francisco,5230,Gonzaga,4770,0,4544.099999999994
Seattle,3007,Grand Canyon,6993,0,-47428.199999999815
SIUE,6435,Ark Little Rock,3565,0,35544.700000000084
South Carolina,4899,Arkansas,5101,0,-3195.6000000000045
South Dakota,8133,North Dakota,1867,0,82299.0
St Mary's CA,9515,Oregon St,485,0,153407.09999999983
St Thomas MN,9337,Missouri KC,663,0,137268.7000000002
Tennessee,5521,Alabama,4479,0,12293.899999999985
Tennessee Tech,8075,Lindenwood,1925,0,78906.29999999983
Tennessee St,9194,Southern Indiana,806,0,128861.40000000021
Texas,7210,Georgia,2790,0,52949.40000000002
UC Irvine,9887,Long Beach St,113,0,207490.9
UT Arlington,6090,Abilene Chr,3910,0,23427.400000000005
TN Martin,8144,Morehead St,1856,0,83635.89999999997
Utah Tech,2707,Cal Baptist,7293,0,-53600.599999999846
Utah Valley,9615,Southern Utah,385,0,167701.6
UTEP,5271,MTSU,4729,0,4600.399999999986
Vanderbilt,4123,Missouri,5877,0,-20460.50000000006
VMI,2602,Chattanooga,7398,0,-60935.799999999814
Wofford,7029,Furman,2971,0,48543.20000000007
Cal Poly,7059,CS Bakersfield,2941,0,50493.099999999846
UC San Diego,9987,CS Fullerton,13,0,270369.19999999966
CS Sacramento,2004,Montana St,7996,0,-78319.09999999987
Alcorn St,9092,Prairie View,908,0,118393.9000000005
Delaware St,9426,Coppin St,574,0,142705.0000000003
E Washington,6651,Idaho St,3349,0,38920.40000000001
F Dickinson,6629,LIU Brooklyn,3371,0,38897.40000000007
Harvard,1523,Yale,8477,0,-94490.59999999974
Idaho,7854,Weber St,2146,0,70678.90000000014
East Texas A&M,3576,Incarnate Word,6424,0,-31730.900000000038
Jackson St,6751,TX Southern,3249,0,40316.39999999969
Lamar,4226,McNeese St,5774,0,-15787.00000000003
Stonehill,8350,Le Moyne,1650,0,90375.80000000019
Navy,7675,Loyola MD,2325,0,66344.09999999986
MD E Shore,2489,Morgan St,7511,0,-59734.99999999993
MS Valley St,5627,Ark Pine Bluff,4373,0,15521.79999999996
UTRGV,9199,New Orleans,801,0,124949.90000000014
SF Austin,5980,Nicholls St,4020,0,24509.900000000005
Northern Arizona,3909,N Colorado,6091,0,-25246.899999999936
Columbia,6405,Penn,3595,0,32423.100000000035
Portland St,5893,Montana,4107,0,21749.79999999996
St Francis PA,8323,Chicago St,1677,0,87403.00000000028
Bethune-Cookman,3997,Southern Univ,6003,0,-23764.400000000096
TAM C. Christi,5876,SE Louisiana,4124,0,20406.00000000006
Boston Univ,6829,Lafayette,3171,0,43862.99999999998
CS Northridge,7969,UC Santa Barbara,2031,0,75075.50000000023
Colorado St,5289,Utah St,4711,0,8028.499999999998
Wagner,1068,Central Conn,8932,0,-112388.70000000023
Georgetown,2309,Marquette,7691,0,-69761.60000000036
St John's,9953,Seton Hall,47,0,241883.79999999993
Providence,3127,Connecticut,6873,0,-45356.100000000064
Villanova,7542,Butler,2458,0,64071.20000000018
Xavier,4995,Creighton,5005,0,78.70000000000043
Northwestern LA,7131,Houston Chr,2869,0,49728.6
N Kentucky,3091,Youngstown St,6909,0,-43993.599999999955
WI Green Bay,1975,Oakland,8025,0,-76464.6999999997
WI Milwaukee,9725,Detroit,275,0,176871.69999999902
Cleveland St,6552,PFW,3448,0,37116.80000000014
IUPUI,4282,Wright St,5718,0,-18638.099999999908
Col Charleston,7000,Campbell,3000,0,48909.49999999993
Stony Brook,2346,Elon,7654,0,-68477.30000000012
Hofstra,9208,NC A&T,792,0,128968.6000000001
Towson,8847,Hampton,1153,0,110193.89999999979
UNC Wilmington,9251,Delaware,749,0,133295.49999999994
Drexel,6606,Monmouth NJ,3394,0,38116.69999999992
William & Mary,6629,Northeastern,3371,0,38083.89999999996
Cornell,6542,Princeton,3458,0,35324.200000000135
Illinois St,7798,Evansville,2202,0,71711.59999999993
IL Chicago,9027,Valparaiso,973,0,115194.09999999995
Indiana St,6154,S Illinois,3846,0,26705.29999999991
Drake,9871,Missouri St,129,0,205081.99999999834
Bradley,6906,Northern Iowa,3094,0,46129.800000000265
Michigan St,5813,Wisconsin,4187,0,19276.200000000044
Michigan,7869,Illinois,2131,0,71531.00000000015
Belmont,7769,Murray St,2231,0,71275.49999999994
Kansas St,8962,Colorado,1038,0,115404.6
UAB,3525,Memphis,6475,0,-33123.39999999982
UT San Antonio,6315,Rice,3685,0,30914.400000000027
East Carolina,8725,Charlotte,1275,0,104871.80000000002
South Florida,3450,FL Atlantic,6550,0,-37600.500000000124
Hawaii,4845,UC Davis,5155,0,-4097.9000000000015
Liberty,8752,Kennesaw,1248,0,100499.59999999971
Canisius,2414,Iona,7586,0,-62648.69999999987
Marist,8901,St Peter's,1099,0,112694.99999999999
Merrimack,5707,Quinnipiac,4293,0,15750.09999999995
Mt St Mary's,6333,Siena,3667,0,29713.500000000084
Sacred Heart,8205,Fairfield,1795,0,82223.10000000015
Niagara,3816,Manhattan,6184,0,-26197.2000000001
Morgan St,5630,Delaware St,4370,0,14041.400000000007
Northwestern,3599,UCLA,6401,0,-33329.399999999885
Duke,8531,Wake Forest,1469,0,93814.99999999936
Houston,9095,Kansas,905,0,121515.39999999932
North Texas,8524,Wichita St,1476,0,96374.19999999966
S Carolina St,8579,Howard,1421,0,97425.3999999997
NC Central,2365,Norfolk St,7635,0,-68118.30000000009
Portland St,9754,CS Sacramento,246,0,183089.60000000006
Alcorn St,5970,TX Southern,4030,0,23273.700000000048
Coppin St,7229,MD E Shore,2771,0,54204.90000000017
Montana,8624,E Washington,1376,0,99893.9000000003
Montana St,7915,Idaho,2085,0,74637.6
Idaho St,6528,Northern Arizona,3472,0,35854.39999999984
Incarnate Word,6488,Northwestern LA,3512,0,36794.799999999865
Jackson St,9384,Prairie View,616,0,139260.0999999996
Lamar,7385,Nicholls St,2615,0,59057.300000000156
SF Austin,2888,McNeese St,7112,0,-50368.89999999985
TAM C. Christi,9658,New Orleans,342,0,169654.90000000026
Weber St,2031,N Colorado,7969,0,-77357.19999999976
Bethune-Cookman,7560,Grambling,2440,0,64581.30000000012
UTRGV,4026,SE Louisiana,5974,0,-21309.299999999974
Florida A&M,4693,Southern Univ,5307,0,-6778.500000000019
East Texas A&M,4139,Houston Chr,5861,0,-20068.300000000032
Vermont,8083,SUNY Albany,1917,0,79819.79999999994
Maine,7841,MA Lowell,2159,0,74504.29999999987
Nevada,3020,New Mexico,6980,0,-45548.59999999979
Binghamton,8651,NJIT,1349,0,102801.99999999987
Fresno St,4559,Wyoming,5441,0,-12638.700000000043
Bryant,9775,New Hampshire,225,0,187921.40000000084
Dayton,8254,St Louis,1746,0,85556.10000000025
Duquesne,2260,VCU,7740,0,-70443.69999999975
Colorado St,9331,San Jose St,669,0,140069.89999999997
UNLV,3835,San Diego St,6165,0,-27262.499999999985
Air Force,657,Boise St,9343,0,-139337.90000000029
Purdue,9493,Rutgers,507,0,151842.70000000024
Oregon,7184,Indiana,2816,0,53349.40000000002
Ohio St,6345,Nebraska,3655,0,31755.49999999996
Georgia Tech,8895,Miami FL,1105,0,109178.0
Virginia Tech,2933,North Carolina,7067,0,-49474.799999999916
Virginia,6694,Florida St,3306,0,37654.199999999946
SMU,9061,Syracuse,939,0,119356.70000000006
TCU,4088,Baylor,5912,0,-21138.09999999995
Utah,6392,West Virginia,3608,0,31862.000000000127
Iowa St,7888,BYU,2112,0,73877.4000000002
Arizona,9750,Arizona St,250,0,175689.3000000005
Tulsa,4390,Temple,5610,0,-14807.899999999907
UT San Antonio,1376,Memphis,8624,0,-99481.60000000003
Ball St,6160,C Michigan,3840,0,27342.300000000087
Buffalo,1375,Miami OH,8625,0,-100237.30000000013
Kentucky,9024,LSU,976,0,119813.39999999914
Mississippi St,7515,Texas,2485,0,64281.89999999961
N Illinois,4683,Bowling Green,5317,0,-6001.499999999995
Ohio,7935,E Michigan,2065,0,75945.19999999987
South Carolina,5169,Georgia,4831,0,4343.999999999995
Texas A&M,3754,Auburn,6246,0,-29754.000000000004
Toledo,2987,Akron,7013,0,-47723.09999999988
Vanderbilt,6593,Arkansas,3407,0,36584.79999999996
W Michigan,2734,Kent,7266,0,-54355.70000000011
Seton Hall,911,Creighton,9089,0,-122813.59999999999
Georgetown,4198,Villanova,5802,0,-18741.700000000055
St Joseph's PA,7996,Rhode Island,2004,0,78662.19999999994
George Mason,9825,La Salle,175,0,191815.39999999985
Fordham,3672,G Washington,6328,0,-31969.299999999886
Loyola-Chicago,7410,Davidson,2590,0,61798.3
USC,7971,Washington,2029,0,77777.70000000003
Minnesota,1835,Wisconsin,8165,0,-82271.39999999959
Michigan,6589,Maryland,3411,0,37377.599999999984
Alabama,6412,Florida,3588,0,31262.200000000023
NC State,4144,Pittsburgh,5856,0,-19906.399999999994
Boston College,428,Clemson,9572,0,-154483.9999999998
St Bonaventure,8012,Massachusetts,1988,0,75873.40000000042
Notre Dame,5719,Stanford,4281,0,15608.200000000008
Louisville,9696,California,304,0,172452.1999999996
UCF,6260,Oklahoma St,3740,0,30665.70000000006
Cincinnati,6101,Kansas St,3899,0,29001.500000000087
Texas Tech,9832,Colorado,168,0,197338.89999999994
Mississippi,4523,Tennessee,5477,0,-11029.099999999997
Oklahoma,4016,Missouri,5984,0,-21683.800000000083
Connecticut,6486,Marquette,3514,0,37130.200000000055
Butler,4940,Xavier,5060,0,-1733.900000000004
Providence,8592,DePaul,1408,0,97954.30000000019
Howard,2782,Norfolk St,7218,0,-53337.099999999955
Grambling,7519,Alabama A&M,2481,0,59858.00000000017
Iowa,2626,Michigan St,7374,0,-58229.90000000009
Rice,5029,Wichita St,4971,0,-931.2999999999995
North Texas,9734,Charlotte,266,0,177356.5
East Carolina,5978,Tulane,4022,0,23050.10000000001
UAB,5730,FL Atlantic,4270,0,19694.600000000064
S Carolina St,8970,NC Central,1030,0,117278.5000000003
Abilene Chr,4432,Utah Valley,5568,0,-11889.799999999927
Cal Baptist,8354,Tarleton St,1646,0,88721.59999999974
Grand Canyon,9754,Utah Tech,246,0,183904.2999999996
Louisiana Tech,7326,New Mexico St,2674,0,56873.499999999854
Manhattan,7833,Sacred Heart,2167,0,73958.20000000011
Marist,6855,Merrimack,3145,0,44364.89999999997
MTSU,4509,Liberty,5491,0,-11211.500000000015
Rider,9047,Canisius,953,0,117593.6999999997
Sam Houston St,5304,UTEP,4696,0,8276.399999999985
Siena,9093,Fairfield,907,0,120287.5000000001
Southern Utah,4082,Seattle,5918,0,-23193.200000000026
UC San Diego,9950,Long Beach St,50,0,240344.59999999966
WKU,8854,Florida Intl,1146,0,110639.19999999969
Quinnipiac,8292,Mt St Mary's,1708,0,88409.29999999994
CS Bakersfield,5992,Hawaii,4008,0,23680.000000000044
Cal Poly,8936,CS Fullerton,1064,0,116680.89999999967
MS Valley St,1219,Alcorn St,8781,0,-106887.29999999981
Coppin St,3143,Morgan St,6857,0,-45406.30000000008
Ark Pine Bluff,1243,Jackson St,8757,0,-104546.40000000014
Delaware St,9556,MD E Shore,444,0,161844.3000000001
St Peter's,7258,Niagara,2742,0,55027.20000000002
Southern Univ,8849,Alabama St,1151,0,107960.39999999992
UC Davis,3269,UC Irvine,6731,0,-43577.7000000002
UC Riverside,5917,CS Northridge,4083,0,20267.000000000095
VCU,8187,Dayton,1813,0,85745.79999999993
Illinois,4590,Purdue,5410,0,-7582.500000000021
Memphis,9655,South Florida,345,0,170537.19999999978
New Mexico,9317,UNLV,683,0,139210.40000000043
Boise St,6648,Colorado St,3352,0,39181.09999999989
Akron,9927,Buffalo,73,0,232138.30000000028
Bowling Green,5953,W Michigan,4047,0,22439.900000000052
C Michigan,9055,N Illinois,945,0,121061.60000000053
Kent,8958,E Michigan,1042,0,117701.7999999993
Miami OH,8937,Ball St,1063,0,115034.49999999983
Toledo,6798,Ohio,3202,0,41410.200000000186
Cornell,8973,Columbia,1027,0,116320.29999999993
San Diego St,8207,Nevada,1793,0,87255.20000000033
Prairie View,2519,TX Southern,7481,0,-60211.69999999997
Clemson,9788,Virginia Tech,212,0,191594.20000000016
Notre Dame,6775,California,3225,0,43277.39999999999
Louisville,9444,Stanford,556,0,146899.9000000001
Richmond,1178,George Mason,8822,0,-107481.09999999985
Rhode Island,8255,Fordham,1745,0,86919.3999999999
St Louis,6978,Duquesne,3022,0,49506.20000000018
Davidson,5724,St Bonaventure,4276,0,17577.69999999994
San Jose St,8372,Fresno St,1628,0,89893.50000000025
Wisconsin,9740,Penn St,260,0,180654.29999999914
UCLA,8086,USC,1914,0,81100.79999999989
Maryland,9367,Northwestern,633,0,138213.30000000002
Indiana,4415,Ohio St,5585,0,-12337.2
Wake Forest,9132,Georgia Tech,868,0,122555.20000000045
Massachusetts,4634,Loyola-Chicago,5366,0,-9211.700000000017
Miami FL,5155,NC State,4845,0,1162.5999999999976
La Salle,2182,St Joseph's PA,7818,0,-71483.89999999995
Pittsburgh,9326,Boston College,674,0,139792.4000000001
North Carolina,2658,Duke,7342,0,-57333.29999999985
Syracuse,5296,Virginia,4704,0,8124.200000000015
Oklahoma St,4472,Cincinnati,5528,0,-12285.79999999999
West Virginia,8025,UCF,1975,0,76808.09999999977
Baylor,3028,Houston,6972,0,-49175.399999999965
Colorado,4735,TCU,5265,0,-7032.200000000014
Arizona St,1289,Texas Tech,8711,0,-105833.89999999925
Kansas St,4035,Iowa St,5965,0,-20362.899999999827
BYU,8226,Utah,1774,0,85149.00000000004
Kansas,4352,Arizona,5648,0,-14690.200000000064
Grambling,5777,Alabama St,4223,0,19619.800000000007
Florida St,4222,SMU,5778,0,-19002.39999999996
Abilene Chr,3814,Grand Canyon,6186,0,-29242.699999999997
Cal Baptist,7622,UT Arlington,2378,0,64448.80000000004
Fairfield,1556,Quinnipiac,8444,0,-91930.69999999968
Iona,7497,Sacred Heart,2503,0,60380.80000000005
Jacksonville St,7536,Kennesaw,2464,0,62438.90000000001
Louisiana Tech,6771,UTEP,3229,0,39976.60000000014
Manhattan,6546,Siena,3454,0,38336.90000000012
MTSU,9460,Florida Intl,540,0,149670.70000000024
Mt St Mary's,4950,Marist,5050,0,-1305.500000000005
Rider,7638,Niagara,2362,0,66961.99999999994
Sam Houston St,6149,New Mexico St,3851,0,27450.100000000046
St Peter's,8871,Canisius,1129,0,109724.10000000025
Tarleton St,2869,Utah Valley,7131,0,-51606.600000000224
Utah Tech,3996,Seattle,6004,0,-22741.80000000006
WKU,2909,Liberty,7091,0,-48948.49999999999
Missouri,7486,Kentucky,2514,0,64988.599999999926
LSU,1790,Texas A&M,8210,0,-83724.50000000006
Georgia,6161,Vanderbilt,3839,0,30038.9000000001
Florida,9024,Mississippi,976,0,116510.40000000008
Auburn,7624,Alabama,2376,0,67569.49999999999
Arkansas,5017,Mississippi St,4983,0,-928.8000000000014
Long Beach St,4504,Cal Poly,5496,0,-12515.299999999987
CS Fullerton,1143,UC Riverside,8857,0,-107263.3999999998
Ark Pine Bluff,1628,Alcorn St,8372,0,-88868.4999999999
Harvard,4624,Dartmouth,5376,0,-7783.300000000023
CS Northridge,9026,Hawaii,974,0,119696.99999999997
MS Valley St,767,Jackson St,9233,0,-129458.19999999982
Princeton,8907,Penn,1093,0,113024.8999999999
Bethune-Cookman,5738,Florida A&M,4262,0,20654.19999999996
Southern Univ,9491,Alabama A&M,509,0,152694.5999999996
Tennessee,9577,South Carolina,423,0,159493.69999999987
Texas,6986,Oklahoma,3014,0,48428.8000000002
UC Santa Barbara,3190,UC Irvine,6810,0,-43807.59999999981
UC Davis,2006,UC San Diego,7994,0,-76688.49999999997
Utah St,9960,Air Force,40,0,244453.00000000076
Brown,2817,Yale,7183,0,-53342.199999999975
Creighton,8963,Butler,1037,0,116038.00000000004
Marquette,4940,St John's,5060,0,-2119.599999999998
Xavier,8069,Providence,1931,0,78543.80000000012
Connecticut,9849,Seton Hall,151,0,205129.60000000062
DePaul,4989,Georgetown,5011,0,1119.5000000000011
Temple,3400,North Texas,6600,0,-36917.000000000015
Tulane,5841,UAB,4159,0,21033.80000000004
Wichita St,8721,Tulsa,1279,0,103135.90000000026
Charlotte,5154,UT San Antonio,4846,0,3523.5999999999917
FL Atlantic,8167,East Carolina,1833,0,84746.60000000002
Washington,4623,Oregon,5377,0,-7978.900000000005
Rutgers,6057,Minnesota,3943,0,25734.199999999895
Nebraska,8458,Iowa,1542,0,93079.20000000008
Michigan St,6856,Michigan,3144,N,46516.00000000007
